"model","checkpoint","pipeline","dataset","protocol","shots","seed","accuracy","macro_f1"
"phyd_warmstart_ckpt299","runs/sarjepa_official_phyd_warmstart_bestckpt300_bs1088_lfst0p1_image_20260709_174032/checkpoint-299.pth","strict_official_downstream","MSTAR_SOC","finetune","10","0","66.6","64"
"phyd_warmstart_ckpt299","runs/sarjepa_official_phyd_warmstart_bestckpt300_bs1088_lfst0p1_image_20260709_174032/checkpoint-299.pth","strict_official_downstream","MSTAR_SOC","finetune","10","1","63.9","61"
"phyd_warmstart_ckpt299","runs/sarjepa_official_phyd_warmstart_bestckpt300_bs1088_lfst0p1_image_20260709_174032/checkpoint-299.pth","strict_official_downstream","MSTAR_SOC","finetune","10","2","63.3","61.6"
"phyd_warmstart_ckpt299","runs/sarjepa_official_phyd_warmstart_bestckpt300_bs1088_lfst0p1_image_20260709_174032/checkpoint-299.pth","strict_official_downstream","MSTAR_SOC","finetune","10","3","66.7","64.4"
"phyd_warmstart_ckpt299","runs/sarjepa_official_phyd_warmstart_bestckpt300_bs1088_lfst0p1_image_20260709_174032/checkpoint-299.pth","strict_official_downstream","MSTAR_SOC","finetune","10","4","60.9","58.8"
"phyd_warmstart_ckpt299","runs/sarjepa_official_phyd_warmstart_bestckpt300_bs1088_lfst0p1_image_20260709_174032/checkpoint-299.pth","strict_official_downstream","MSTAR_SOC","finetune","10","5","60.7","58.6"
"phyd_warmstart_ckpt299","runs/sarjepa_official_phyd_warmstart_bestckpt300_bs1088_lfst0p1_image_20260709_174032/checkpoint-299.pth","strict_official_downstream","MSTAR_SOC","finetune","10","6","63.1","60.1"
"phyd_warmstart_ckpt299","runs/sarjepa_official_phyd_warmstart_bestckpt300_bs1088_lfst0p1_image_20260709_174032/checkpoint-299.pth","strict_official_downstream","MSTAR_SOC","finetune","10","7","63.9","61.3"
"phyd_warmstart_ckpt299","runs/sarjepa_official_phyd_warmstart_bestckpt300_bs1088_lfst0p1_image_20260709_174032/checkpoint-299.pth","strict_official_downstream","MSTAR_SOC","finetune","10","8","62.5","58.8"
"phyd_warmstart_ckpt299","runs/sarjepa_official_phyd_warmstart_bestckpt300_bs1088_lfst0p1_image_20260709_174032/checkpoint-299.pth","strict_official_downstream","MSTAR_SOC","finetune","10","9","61.2","58.8"
"phyd_warmstart_ckpt299","runs/sarjepa_official_phyd_warmstart_bestckpt300_bs1088_lfst0p1_image_20260709_174032/checkpoint-299.pth","strict_official_downstream","MSTAR_SOC","finetune","10","10","61.6","58.6"
"phyd_warmstart_ckpt299","runs/sarjepa_official_phyd_warmstart_bestckpt300_bs1088_lfst0p1_image_20260709_174032/checkpoint-299.pth","strict_official_downstream","MSTAR_SOC","finetune","10","11","59.9","57.9"
"phyd_warmstart_ckpt299","runs/sarjepa_official_phyd_warmstart_bestckpt300_bs1088_lfst0p1_image_20260709_174032/checkpoint-299.pth","strict_official_downstream","MSTAR_SOC","finetune","10","12","68.8","66.6"
"phyd_warmstart_ckpt299","runs/sarjepa_official_phyd_warmstart_bestckpt300_bs1088_lfst0p1_image_20260709_174032/checkpoint-299.pth","strict_official_downstream","MSTAR_SOC","finetune","10","13","63.1","61.4"
"phyd_warmstart_ckpt299","runs/sarjepa_official_phyd_warmstart_bestckpt300_bs1088_lfst0p1_image_20260709_174032/checkpoint-299.pth","strict_official_downstream","MSTAR_SOC","finetune","10","14","68.3","65.2"
"phyd_warmstart_ckpt299","runs/sarjepa_official_phyd_warmstart_bestckpt300_bs1088_lfst0p1_image_20260709_174032/checkpoint-299.pth","strict_official_downstream","MSTAR_SOC","finetune","10","15","63.3","61.3"
"phyd_warmstart_ckpt299","runs/sarjepa_official_phyd_warmstart_bestckpt300_bs1088_lfst0p1_image_20260709_174032/checkpoint-299.pth","strict_official_downstream","MSTAR_SOC","finetune","10","16","63.3","59.7"
"phyd_warmstart_ckpt299","runs/sarjepa_official_phyd_warmstart_bestckpt300_bs1088_lfst0p1_image_20260709_174032/checkpoint-299.pth","strict_official_downstream","MSTAR_SOC","finetune","10","17","64.9","61.6"
"phyd_warmstart_ckpt299","runs/sarjepa_official_phyd_warmstart_bestckpt300_bs1088_lfst0p1_image_20260709_174032/checkpoint-299.pth","strict_official_downstream","MSTAR_SOC","finetune","10","18","65","61.4"
"phyd_warmstart_ckpt299","runs/sarjepa_official_phyd_warmstart_bestckpt300_bs1088_lfst0p1_image_20260709_174032/checkpoint-299.pth","strict_official_downstream","MSTAR_SOC","finetune","10","19","65.1","63.5"
"phyd_warmstart_ckpt299","runs/sarjepa_official_phyd_warmstart_bestckpt300_bs1088_lfst0p1_image_20260709_174032/checkpoint-299.pth","strict_official_downstream","MSTAR_SOC","finetune","20","0","76.9","74.9"
"phyd_warmstart_ckpt299","runs/sarjepa_official_phyd_warmstart_bestckpt300_bs1088_lfst0p1_image_20260709_174032/checkpoint-299.pth","strict_official_downstream","MSTAR_SOC","finetune","20","1","78.6","75.1"
"phyd_warmstart_ckpt299","runs/sarjepa_official_phyd_warmstart_bestckpt300_bs1088_lfst0p1_image_20260709_174032/checkpoint-299.pth","strict_official_downstream","MSTAR_SOC","finetune","20","2","79.4","77.1"
"phyd_warmstart_ckpt299","runs/sarjepa_official_phyd_warmstart_bestckpt300_bs1088_lfst0p1_image_20260709_174032/checkpoint-299.pth","strict_official_downstream","MSTAR_SOC","finetune","20","3","77.8","76"
"phyd_warmstart_ckpt299","runs/sarjepa_official_phyd_warmstart_bestckpt300_bs1088_lfst0p1_image_20260709_174032/checkpoint-299.pth","strict_official_downstream","MSTAR_SOC","finetune","20","4","78.4","76.4"
"phyd_warmstart_ckpt299","runs/sarjepa_official_phyd_warmstart_bestckpt300_bs1088_lfst0p1_image_20260709_174032/checkpoint-299.pth","strict_official_downstream","MSTAR_SOC","finetune","20","5","77.5","75.6"
"phyd_warmstart_ckpt299","runs/sarjepa_official_phyd_warmstart_bestckpt300_bs1088_lfst0p1_image_20260709_174032/checkpoint-299.pth","strict_official_downstream","MSTAR_SOC","finetune","20","6","74.2","71.8"
"phyd_warmstart_ckpt299","runs/sarjepa_official_phyd_warmstart_bestckpt300_bs1088_lfst0p1_image_20260709_174032/checkpoint-299.pth","strict_official_downstream","MSTAR_SOC","finetune","20","7","78.6","76.9"
"phyd_warmstart_ckpt299","runs/sarjepa_official_phyd_warmstart_bestckpt300_bs1088_lfst0p1_image_20260709_174032/checkpoint-299.pth","strict_official_downstream","MSTAR_SOC","finetune","20","8","76.2","74.2"
"phyd_warmstart_ckpt299","runs/sarjepa_official_phyd_warmstart_bestckpt300_bs1088_lfst0p1_image_20260709_174032/checkpoint-299.pth","strict_official_downstream","MSTAR_SOC","finetune","20","9","73.6","69.9"
"phyd_warmstart_ckpt299","runs/sarjepa_official_phyd_warmstart_bestckpt300_bs1088_lfst0p1_image_20260709_174032/checkpoint-299.pth","strict_official_downstream","MSTAR_SOC","finetune","20","10","80.2","78.9"
"phyd_warmstart_ckpt299","runs/sarjepa_official_phyd_warmstart_bestckpt300_bs1088_lfst0p1_image_20260709_174032/checkpoint-299.pth","strict_official_downstream","MSTAR_SOC","finetune","20","11","77","75.4"
"phyd_warmstart_ckpt299","runs/sarjepa_official_phyd_warmstart_bestckpt300_bs1088_lfst0p1_image_20260709_174032/checkpoint-299.pth","strict_official_downstream","MSTAR_SOC","finetune","20","12","77","74.9"
"phyd_warmstart_ckpt299","runs/sarjepa_official_phyd_warmstart_bestckpt300_bs1088_lfst0p1_image_20260709_174032/checkpoint-299.pth","strict_official_downstream","MSTAR_SOC","finetune","20","13","75.8","74.2"
"phyd_warmstart_ckpt299","runs/sarjepa_official_phyd_warmstart_bestckpt300_bs1088_lfst0p1_image_20260709_174032/checkpoint-299.pth","strict_official_downstream","MSTAR_SOC","finetune","20","14","78.5","74.9"
"phyd_warmstart_ckpt299","runs/sarjepa_official_phyd_warmstart_bestckpt300_bs1088_lfst0p1_image_20260709_174032/checkpoint-299.pth","strict_official_downstream","MSTAR_SOC","finetune","20","15","80.7","78.7"
"phyd_warmstart_ckpt299","runs/sarjepa_official_phyd_warmstart_bestckpt300_bs1088_lfst0p1_image_20260709_174032/checkpoint-299.pth","strict_official_downstream","MSTAR_SOC","finetune","20","16","77.7","75.4"
"phyd_warmstart_ckpt299","runs/sarjepa_official_phyd_warmstart_bestckpt300_bs1088_lfst0p1_image_20260709_174032/checkpoint-299.pth","strict_official_downstream","MSTAR_SOC","finetune","20","17","77.9","75.7"
"phyd_warmstart_ckpt299","runs/sarjepa_official_phyd_warmstart_bestckpt300_bs1088_lfst0p1_image_20260709_174032/checkpoint-299.pth","strict_official_downstream","MSTAR_SOC","finetune","20","18","76.9","74.7"
"phyd_warmstart_ckpt299","runs/sarjepa_official_phyd_warmstart_bestckpt300_bs1088_lfst0p1_image_20260709_174032/checkpoint-299.pth","strict_official_downstream","MSTAR_SOC","finetune","20","19","79.3","77.6"
"phyd_warmstart_ckpt299","runs/sarjepa_official_phyd_warmstart_bestckpt300_bs1088_lfst0p1_image_20260709_174032/checkpoint-299.pth","strict_official_downstream","MSTAR_SOC","finetune","40","0","87.3","85.9"
"phyd_warmstart_ckpt299","runs/sarjepa_official_phyd_warmstart_bestckpt300_bs1088_lfst0p1_image_20260709_174032/checkpoint-299.pth","strict_official_downstream","MSTAR_SOC","finetune","40","1","89.6","88.6"
"phyd_warmstart_ckpt299","runs/sarjepa_official_phyd_warmstart_bestckpt300_bs1088_lfst0p1_image_20260709_174032/checkpoint-299.pth","strict_official_downstream","MSTAR_SOC","finetune","40","2","87.7","86.2"
"phyd_warmstart_ckpt299","runs/sarjepa_official_phyd_warmstart_bestckpt300_bs1088_lfst0p1_image_20260709_174032/checkpoint-299.pth","strict_official_downstream","MSTAR_SOC","finetune","40","3","88.6","87.5"
"phyd_warmstart_ckpt299","runs/sarjepa_official_phyd_warmstart_bestckpt300_bs1088_lfst0p1_image_20260709_174032/checkpoint-299.pth","strict_official_downstream","MSTAR_SOC","finetune","40","4","86.2","85.2"
"phyd_warmstart_ckpt299","runs/sarjepa_official_phyd_warmstart_bestckpt300_bs1088_lfst0p1_image_20260709_174032/checkpoint-299.pth","strict_official_downstream","MSTAR_SOC","finetune","40","5","87.3","86.1"
"phyd_warmstart_ckpt299","runs/sarjepa_official_phyd_warmstart_bestckpt300_bs1088_lfst0p1_image_20260709_174032/checkpoint-299.pth","strict_official_downstream","MSTAR_SOC","finetune","40","6","89.5","88.5"
"phyd_warmstart_ckpt299","runs/sarjepa_official_phyd_warmstart_bestckpt300_bs1088_lfst0p1_image_20260709_174032/checkpoint-299.pth","strict_official_downstream","MSTAR_SOC","finetune","40","7","88.7","87.4"
"phyd_warmstart_ckpt299","runs/sarjepa_official_phyd_warmstart_bestckpt300_bs1088_lfst0p1_image_20260709_174032/checkpoint-299.pth","strict_official_downstream","MSTAR_SOC","finetune","40","8","86.8","85.9"
"phyd_warmstart_ckpt299","runs/sarjepa_official_phyd_warmstart_bestckpt300_bs1088_lfst0p1_image_20260709_174032/checkpoint-299.pth","strict_official_downstream","MSTAR_SOC","finetune","40","9","89.1","87.6"
"phyd_warmstart_ckpt299","runs/sarjepa_official_phyd_warmstart_bestckpt300_bs1088_lfst0p1_image_20260709_174032/checkpoint-299.pth","strict_official_downstream","MSTAR_SOC","finetune","40","10","86.8","85.1"
"phyd_warmstart_ckpt299","runs/sarjepa_official_phyd_warmstart_bestckpt300_bs1088_lfst0p1_image_20260709_174032/checkpoint-299.pth","strict_official_downstream","MSTAR_SOC","finetune","40","11","87.2","86.1"
"phyd_warmstart_ckpt299","runs/sarjepa_official_phyd_warmstart_bestckpt300_bs1088_lfst0p1_image_20260709_174032/checkpoint-299.pth","strict_official_downstream","MSTAR_SOC","finetune","40","12","88.3","87.3"
"phyd_warmstart_ckpt299","runs/sarjepa_official_phyd_warmstart_bestckpt300_bs1088_lfst0p1_image_20260709_174032/checkpoint-299.pth","strict_official_downstream","MSTAR_SOC","finetune","40","13","88.2","87.4"
"phyd_warmstart_ckpt299","runs/sarjepa_official_phyd_warmstart_bestckpt300_bs1088_lfst0p1_image_20260709_174032/checkpoint-299.pth","strict_official_downstream","MSTAR_SOC","finetune","40","14","88.2","87.3"
"phyd_warmstart_ckpt299","runs/sarjepa_official_phyd_warmstart_bestckpt300_bs1088_lfst0p1_image_20260709_174032/checkpoint-299.pth","strict_official_downstream","MSTAR_SOC","finetune","40","15","89.9","89.1"
"phyd_warmstart_ckpt299","runs/sarjepa_official_phyd_warmstart_bestckpt300_bs1088_lfst0p1_image_20260709_174032/checkpoint-299.pth","strict_official_downstream","MSTAR_SOC","finetune","40","16","85.6","83.5"
"phyd_warmstart_ckpt299","runs/sarjepa_official_phyd_warmstart_bestckpt300_bs1088_lfst0p1_image_20260709_174032/checkpoint-299.pth","strict_official_downstream","MSTAR_SOC","finetune","40","17","89.2","88.2"
"phyd_warmstart_ckpt299","runs/sarjepa_official_phyd_warmstart_bestckpt300_bs1088_lfst0p1_image_20260709_174032/checkpoint-299.pth","strict_official_downstream","MSTAR_SOC","finetune","40","18","86.4","85"
"phyd_warmstart_ckpt299","runs/sarjepa_official_phyd_warmstart_bestckpt300_bs1088_lfst0p1_image_20260709_174032/checkpoint-299.pth","strict_official_downstream","MSTAR_SOC","finetune","40","19","86.8","85.4"
"phyd_warmstart_ckpt299","runs/sarjepa_official_phyd_warmstart_bestckpt300_bs1088_lfst0p1_image_20260709_174032/checkpoint-299.pth","strict_official_downstream","MSTAR_SOC","linear","10","0","50","45.7"
"phyd_warmstart_ckpt299","runs/sarjepa_official_phyd_warmstart_bestckpt300_bs1088_lfst0p1_image_20260709_174032/checkpoint-299.pth","strict_official_downstream","MSTAR_SOC","linear","10","1","49.6","48"
"phyd_warmstart_ckpt299","runs/sarjepa_official_phyd_warmstart_bestckpt300_bs1088_lfst0p1_image_20260709_174032/checkpoint-299.pth","strict_official_downstream","MSTAR_SOC","linear","10","2","49.2","46.2"
"phyd_warmstart_ckpt299","runs/sarjepa_official_phyd_warmstart_bestckpt300_bs1088_lfst0p1_image_20260709_174032/checkpoint-299.pth","strict_official_downstream","MSTAR_SOC","linear","10","3","47.1","43.2"
"phyd_warmstart_ckpt299","runs/sarjepa_official_phyd_warmstart_bestckpt300_bs1088_lfst0p1_image_20260709_174032/checkpoint-299.pth","strict_official_downstream","MSTAR_SOC","linear","10","4","44.6","40.3"
"phyd_warmstart_ckpt299","runs/sarjepa_official_phyd_warmstart_bestckpt300_bs1088_lfst0p1_image_20260709_174032/checkpoint-299.pth","strict_official_downstream","MSTAR_SOC","linear","10","5","45.7","42.9"
"phyd_warmstart_ckpt299","runs/sarjepa_official_phyd_warmstart_bestckpt300_bs1088_lfst0p1_image_20260709_174032/checkpoint-299.pth","strict_official_downstream","MSTAR_SOC","linear","10","6","50","47.2"
"phyd_warmstart_ckpt299","runs/sarjepa_official_phyd_warmstart_bestckpt300_bs1088_lfst0p1_image_20260709_174032/checkpoint-299.pth","strict_official_downstream","MSTAR_SOC","linear","10","7","45.5","41.4"
"phyd_warmstart_ckpt299","runs/sarjepa_official_phyd_warmstart_bestckpt300_bs1088_lfst0p1_image_20260709_174032/checkpoint-299.pth","strict_official_downstream","MSTAR_SOC","linear","10","8","47.5","44.5"
"phyd_warmstart_ckpt299","runs/sarjepa_official_phyd_warmstart_bestckpt300_bs1088_lfst0p1_image_20260709_174032/checkpoint-299.pth","strict_official_downstream","MSTAR_SOC","linear","10","9","46.3","43.6"
"phyd_warmstart_ckpt299","runs/sarjepa_official_phyd_warmstart_bestckpt300_bs1088_lfst0p1_image_20260709_174032/checkpoint-299.pth","strict_official_downstream","MSTAR_SOC","linear","10","10","47.3","43.4"
"phyd_warmstart_ckpt299","runs/sarjepa_official_phyd_warmstart_bestckpt300_bs1088_lfst0p1_image_20260709_174032/checkpoint-299.pth","strict_official_downstream","MSTAR_SOC","linear","10","11","52.3","48.8"
"phyd_warmstart_ckpt299","runs/sarjepa_official_phyd_warmstart_bestckpt300_bs1088_lfst0p1_image_20260709_174032/checkpoint-299.pth","strict_official_downstream","MSTAR_SOC","linear","10","12","49.4","46.8"
"phyd_warmstart_ckpt299","runs/sarjepa_official_phyd_warmstart_bestckpt300_bs1088_lfst0p1_image_20260709_174032/checkpoint-299.pth","strict_official_downstream","MSTAR_SOC","linear","10","13","44","38.6"
"phyd_warmstart_ckpt299","runs/sarjepa_official_phyd_warmstart_bestckpt300_bs1088_lfst0p1_image_20260709_174032/checkpoint-299.pth","strict_official_downstream","MSTAR_SOC","linear","10","14","47.9","43.8"
"phyd_warmstart_ckpt299","runs/sarjepa_official_phyd_warmstart_bestckpt300_bs1088_lfst0p1_image_20260709_174032/checkpoint-299.pth","strict_official_downstream","MSTAR_SOC","linear","10","15","44.6","38.2"
"phyd_warmstart_ckpt299","runs/sarjepa_official_phyd_warmstart_bestckpt300_bs1088_lfst0p1_image_20260709_174032/checkpoint-299.pth","strict_official_downstream","MSTAR_SOC","linear","10","16","53.9","49.9"
"phyd_warmstart_ckpt299","runs/sarjepa_official_phyd_warmstart_bestckpt300_bs1088_lfst0p1_image_20260709_174032/checkpoint-299.pth","strict_official_downstream","MSTAR_SOC","linear","10","17","49.2","45.3"
"phyd_warmstart_ckpt299","runs/sarjepa_official_phyd_warmstart_bestckpt300_bs1088_lfst0p1_image_20260709_174032/checkpoint-299.pth","strict_official_downstream","MSTAR_SOC","linear","10","18","41.9","38.8"
"phyd_warmstart_ckpt299","runs/sarjepa_official_phyd_warmstart_bestckpt300_bs1088_lfst0p1_image_20260709_174032/checkpoint-299.pth","strict_official_downstream","MSTAR_SOC","linear","10","19","46.5","43.1"
"phyd_warmstart_ckpt299","runs/sarjepa_official_phyd_warmstart_bestckpt300_bs1088_lfst0p1_image_20260709_174032/checkpoint-299.pth","strict_official_downstream","MSTAR_SOC","linear","20","0","55.2","52"
"phyd_warmstart_ckpt299","runs/sarjepa_official_phyd_warmstart_bestckpt300_bs1088_lfst0p1_image_20260709_174032/checkpoint-299.pth","strict_official_downstream","MSTAR_SOC","linear","20","1","59","55.5"
"phyd_warmstart_ckpt299","runs/sarjepa_official_phyd_warmstart_bestckpt300_bs1088_lfst0p1_image_20260709_174032/checkpoint-299.pth","strict_official_downstream","MSTAR_SOC","linear","20","2","56","52.7"
"phyd_warmstart_ckpt299","runs/sarjepa_official_phyd_warmstart_bestckpt300_bs1088_lfst0p1_image_20260709_174032/checkpoint-299.pth","strict_official_downstream","MSTAR_SOC","linear","20","3","57.5","54.9"
"phyd_warmstart_ckpt299","runs/sarjepa_official_phyd_warmstart_bestckpt300_bs1088_lfst0p1_image_20260709_174032/checkpoint-299.pth","strict_official_downstream","MSTAR_SOC","linear","20","4","53.9","50.5"
"phyd_warmstart_ckpt299","runs/sarjepa_official_phyd_warmstart_bestckpt300_bs1088_lfst0p1_image_20260709_174032/checkpoint-299.pth","strict_official_downstream","MSTAR_SOC","linear","20","5","55.6","52.5"
"phyd_warmstart_ckpt299","runs/sarjepa_official_phyd_warmstart_bestckpt300_bs1088_lfst0p1_image_20260709_174032/checkpoint-299.pth","strict_official_downstream","MSTAR_SOC","linear","20","6","57.1","54.2"
"phyd_warmstart_ckpt299","runs/sarjepa_official_phyd_warmstart_bestckpt300_bs1088_lfst0p1_image_20260709_174032/checkpoint-299.pth","strict_official_downstream","MSTAR_SOC","linear","20","7","53.5","48"
"phyd_warmstart_ckpt299","runs/sarjepa_official_phyd_warmstart_bestckpt300_bs1088_lfst0p1_image_20260709_174032/checkpoint-299.pth","strict_official_downstream","MSTAR_SOC","linear","20","8","57.4","54.6"
"phyd_warmstart_ckpt299","runs/sarjepa_official_phyd_warmstart_bestckpt300_bs1088_lfst0p1_image_20260709_174032/checkpoint-299.pth","strict_official_downstream","MSTAR_SOC","linear","20","9","57","53.4"
"phyd_warmstart_ckpt299","runs/sarjepa_official_phyd_warmstart_bestckpt300_bs1088_lfst0p1_image_20260709_174032/checkpoint-299.pth","strict_official_downstream","MSTAR_SOC","linear","20","10","53.4","47.6"
"phyd_warmstart_ckpt299","runs/sarjepa_official_phyd_warmstart_bestckpt300_bs1088_lfst0p1_image_20260709_174032/checkpoint-299.pth","strict_official_downstream","MSTAR_SOC","linear","20","11","59.3","55.9"
"phyd_warmstart_ckpt299","runs/sarjepa_official_phyd_warmstart_bestckpt300_bs1088_lfst0p1_image_20260709_174032/checkpoint-299.pth","strict_official_downstream","MSTAR_SOC","linear","20","12","58","54.6"
"phyd_warmstart_ckpt299","runs/sarjepa_official_phyd_warmstart_bestckpt300_bs1088_lfst0p1_image_20260709_174032/checkpoint-299.pth","strict_official_downstream","MSTAR_SOC","linear","20","13","57.2","53.4"
"phyd_warmstart_ckpt299","runs/sarjepa_official_phyd_warmstart_bestckpt300_bs1088_lfst0p1_image_20260709_174032/checkpoint-299.pth","strict_official_downstream","MSTAR_SOC","linear","20","14","56","52.6"
"phyd_warmstart_ckpt299","runs/sarjepa_official_phyd_warmstart_bestckpt300_bs1088_lfst0p1_image_20260709_174032/checkpoint-299.pth","strict_official_downstream","MSTAR_SOC","linear","20","15","55","49.7"
"phyd_warmstart_ckpt299","runs/sarjepa_official_phyd_warmstart_bestckpt300_bs1088_lfst0p1_image_20260709_174032/checkpoint-299.pth","strict_official_downstream","MSTAR_SOC","linear","20","16","58","53.3"
"phyd_warmstart_ckpt299","runs/sarjepa_official_phyd_warmstart_bestckpt300_bs1088_lfst0p1_image_20260709_174032/checkpoint-299.pth","strict_official_downstream","MSTAR_SOC","linear","20","17","55.7","50.8"
"phyd_warmstart_ckpt299","runs/sarjepa_official_phyd_warmstart_bestckpt300_bs1088_lfst0p1_image_20260709_174032/checkpoint-299.pth","strict_official_downstream","MSTAR_SOC","linear","20","18","53.6","49"
"phyd_warmstart_ckpt299","runs/sarjepa_official_phyd_warmstart_bestckpt300_bs1088_lfst0p1_image_20260709_174032/checkpoint-299.pth","strict_official_downstream","MSTAR_SOC","linear","20","19","56.9","54.1"
"phyd_warmstart_ckpt299","runs/sarjepa_official_phyd_warmstart_bestckpt300_bs1088_lfst0p1_image_20260709_174032/checkpoint-299.pth","strict_official_downstream","MSTAR_SOC","linear","40","0","64","60.9"
"phyd_warmstart_ckpt299","runs/sarjepa_official_phyd_warmstart_bestckpt300_bs1088_lfst0p1_image_20260709_174032/checkpoint-299.pth","strict_official_downstream","MSTAR_SOC","linear","40","1","66.4","64.5"
"phyd_warmstart_ckpt299","runs/sarjepa_official_phyd_warmstart_bestckpt300_bs1088_lfst0p1_image_20260709_174032/checkpoint-299.pth","strict_official_downstream","MSTAR_SOC","linear","40","2","65.2","62.1"
"phyd_warmstart_ckpt299","runs/sarjepa_official_phyd_warmstart_bestckpt300_bs1088_lfst0p1_image_20260709_174032/checkpoint-299.pth","strict_official_downstream","MSTAR_SOC","linear","40","3","65.7","63.3"
"phyd_warmstart_ckpt299","runs/sarjepa_official_phyd_warmstart_bestckpt300_bs1088_lfst0p1_image_20260709_174032/checkpoint-299.pth","strict_official_downstream","MSTAR_SOC","linear","40","4","64.3","60.8"
"phyd_warmstart_ckpt299","runs/sarjepa_official_phyd_warmstart_bestckpt300_bs1088_lfst0p1_image_20260709_174032/checkpoint-299.pth","strict_official_downstream","MSTAR_SOC","linear","40","5","66.4","63.9"
"phyd_warmstart_ckpt299","runs/sarjepa_official_phyd_warmstart_bestckpt300_bs1088_lfst0p1_image_20260709_174032/checkpoint-299.pth","strict_official_downstream","MSTAR_SOC","linear","40","6","66.6","64.8"
"phyd_warmstart_ckpt299","runs/sarjepa_official_phyd_warmstart_bestckpt300_bs1088_lfst0p1_image_20260709_174032/checkpoint-299.pth","strict_official_downstream","MSTAR_SOC","linear","40","7","62","59.1"
"phyd_warmstart_ckpt299","runs/sarjepa_official_phyd_warmstart_bestckpt300_bs1088_lfst0p1_image_20260709_174032/checkpoint-299.pth","strict_official_downstream","MSTAR_SOC","linear","40","8","63.1","60.5"
"phyd_warmstart_ckpt299","runs/sarjepa_official_phyd_warmstart_bestckpt300_bs1088_lfst0p1_image_20260709_174032/checkpoint-299.pth","strict_official_downstream","MSTAR_SOC","linear","40","9","63.6","61.5"
"phyd_warmstart_ckpt299","runs/sarjepa_official_phyd_warmstart_bestckpt300_bs1088_lfst0p1_image_20260709_174032/checkpoint-299.pth","strict_official_downstream","MSTAR_SOC","linear","40","10","66.2","62.7"
"phyd_warmstart_ckpt299","runs/sarjepa_official_phyd_warmstart_bestckpt300_bs1088_lfst0p1_image_20260709_174032/checkpoint-299.pth","strict_official_downstream","MSTAR_SOC","linear","40","11","62.5","60.4"
"phyd_warmstart_ckpt299","runs/sarjepa_official_phyd_warmstart_bestckpt300_bs1088_lfst0p1_image_20260709_174032/checkpoint-299.pth","strict_official_downstream","MSTAR_SOC","linear","40","12","66.6","64.3"
"phyd_warmstart_ckpt299","runs/sarjepa_official_phyd_warmstart_bestckpt300_bs1088_lfst0p1_image_20260709_174032/checkpoint-299.pth","strict_official_downstream","MSTAR_SOC","linear","40","13","64.9","61.9"
"phyd_warmstart_ckpt299","runs/sarjepa_official_phyd_warmstart_bestckpt300_bs1088_lfst0p1_image_20260709_174032/checkpoint-299.pth","strict_official_downstream","MSTAR_SOC","linear","40","14","65.7","63"
"phyd_warmstart_ckpt299","runs/sarjepa_official_phyd_warmstart_bestckpt300_bs1088_lfst0p1_image_20260709_174032/checkpoint-299.pth","strict_official_downstream","MSTAR_SOC","linear","40","15","64.5","61.1"
"phyd_warmstart_ckpt299","runs/sarjepa_official_phyd_warmstart_bestckpt300_bs1088_lfst0p1_image_20260709_174032/checkpoint-299.pth","strict_official_downstream","MSTAR_SOC","linear","40","16","67.5","64.9"
"phyd_warmstart_ckpt299","runs/sarjepa_official_phyd_warmstart_bestckpt300_bs1088_lfst0p1_image_20260709_174032/checkpoint-299.pth","strict_official_downstream","MSTAR_SOC","linear","40","17","61.9","58.7"
"phyd_warmstart_ckpt299","runs/sarjepa_official_phyd_warmstart_bestckpt300_bs1088_lfst0p1_image_20260709_174032/checkpoint-299.pth","strict_official_downstream","MSTAR_SOC","linear","40","18","60.8","57.7"
"phyd_warmstart_ckpt299","runs/sarjepa_official_phyd_warmstart_bestckpt300_bs1088_lfst0p1_image_20260709_174032/checkpoint-299.pth","strict_official_downstream","MSTAR_SOC","linear","40","19","66.5","64"
"phyd_warmstart_ckpt299","runs/sarjepa_official_phyd_warmstart_bestckpt300_bs1088_lfst0p1_image_20260709_174032/checkpoint-299.pth","strict_official_downstream","New_FUSAR","finetune","10","0","81.6","68.8"
"phyd_warmstart_ckpt299","runs/sarjepa_official_phyd_warmstart_bestckpt300_bs1088_lfst0p1_image_20260709_174032/checkpoint-299.pth","strict_official_downstream","New_FUSAR","finetune","10","1","76.1","63"
"phyd_warmstart_ckpt299","runs/sarjepa_official_phyd_warmstart_bestckpt300_bs1088_lfst0p1_image_20260709_174032/checkpoint-299.pth","strict_official_downstream","New_FUSAR","finetune","10","2","83.5","71"
"phyd_warmstart_ckpt299","runs/sarjepa_official_phyd_warmstart_bestckpt300_bs1088_lfst0p1_image_20260709_174032/checkpoint-299.pth","strict_official_downstream","New_FUSAR","finetune","10","3","81.9","71.1"
"phyd_warmstart_ckpt299","runs/sarjepa_official_phyd_warmstart_bestckpt300_bs1088_lfst0p1_image_20260709_174032/checkpoint-299.pth","strict_official_downstream","New_FUSAR","finetune","10","4","82.1","70.7"
"phyd_warmstart_ckpt299","runs/sarjepa_official_phyd_warmstart_bestckpt300_bs1088_lfst0p1_image_20260709_174032/checkpoint-299.pth","strict_official_downstream","New_FUSAR","finetune","10","5","81","67.6"
"phyd_warmstart_ckpt299","runs/sarjepa_official_phyd_warmstart_bestckpt300_bs1088_lfst0p1_image_20260709_174032/checkpoint-299.pth","strict_official_downstream","New_FUSAR","finetune","10","6","81","67"
"phyd_warmstart_ckpt299","runs/sarjepa_official_phyd_warmstart_bestckpt300_bs1088_lfst0p1_image_20260709_174032/checkpoint-299.pth","strict_official_downstream","New_FUSAR","finetune","10","7","80.4","68.4"
"phyd_warmstart_ckpt299","runs/sarjepa_official_phyd_warmstart_bestckpt300_bs1088_lfst0p1_image_20260709_174032/checkpoint-299.pth","strict_official_downstream","New_FUSAR","finetune","10","8","81.9","69.8"
"phyd_warmstart_ckpt299","runs/sarjepa_official_phyd_warmstart_bestckpt300_bs1088_lfst0p1_image_20260709_174032/checkpoint-299.pth","strict_official_downstream","New_FUSAR","finetune","10","9","83.3","69.7"
"phyd_warmstart_ckpt299","runs/sarjepa_official_phyd_warmstart_bestckpt300_bs1088_lfst0p1_image_20260709_174032/checkpoint-299.pth","strict_official_downstream","New_FUSAR","finetune","10","10","81.7","67.6"
"phyd_warmstart_ckpt299","runs/sarjepa_official_phyd_warmstart_bestckpt300_bs1088_lfst0p1_image_20260709_174032/checkpoint-299.pth","strict_official_downstream","New_FUSAR","finetune","10","11","82.9","69.7"
"phyd_warmstart_ckpt299","runs/sarjepa_official_phyd_warmstart_bestckpt300_bs1088_lfst0p1_image_20260709_174032/checkpoint-299.pth","strict_official_downstream","New_FUSAR","finetune","10","12","82.3","69.4"
"phyd_warmstart_ckpt299","runs/sarjepa_official_phyd_warmstart_bestckpt300_bs1088_lfst0p1_image_20260709_174032/checkpoint-299.pth","strict_official_downstream","New_FUSAR","finetune","10","13","82.9","71.1"
"phyd_warmstart_ckpt299","runs/sarjepa_official_phyd_warmstart_bestckpt300_bs1088_lfst0p1_image_20260709_174032/checkpoint-299.pth","strict_official_downstream","New_FUSAR","finetune","10","14","81.7","69.1"
"phyd_warmstart_ckpt299","runs/sarjepa_official_phyd_warmstart_bestckpt300_bs1088_lfst0p1_image_20260709_174032/checkpoint-299.pth","strict_official_downstream","New_FUSAR","finetune","10","15","79.4","66.1"
"phyd_warmstart_ckpt299","runs/sarjepa_official_phyd_warmstart_bestckpt300_bs1088_lfst0p1_image_20260709_174032/checkpoint-299.pth","strict_official_downstream","New_FUSAR","finetune","10","16","81.8","68.8"
"phyd_warmstart_ckpt299","runs/sarjepa_official_phyd_warmstart_bestckpt300_bs1088_lfst0p1_image_20260709_174032/checkpoint-299.pth","strict_official_downstream","New_FUSAR","finetune","10","17","78.3","64.2"
"phyd_warmstart_ckpt299","runs/sarjepa_official_phyd_warmstart_bestckpt300_bs1088_lfst0p1_image_20260709_174032/checkpoint-299.pth","strict_official_downstream","New_FUSAR","finetune","10","18","79.1","67.1"
"phyd_warmstart_ckpt299","runs/sarjepa_official_phyd_warmstart_bestckpt300_bs1088_lfst0p1_image_20260709_174032/checkpoint-299.pth","strict_official_downstream","New_FUSAR","finetune","10","19","79.2","66.1"
"phyd_warmstart_ckpt299","runs/sarjepa_official_phyd_warmstart_bestckpt300_bs1088_lfst0p1_image_20260709_174032/checkpoint-299.pth","strict_official_downstream","New_FUSAR","finetune","20","0","84.8","73.9"
"phyd_warmstart_ckpt299","runs/sarjepa_official_phyd_warmstart_bestckpt300_bs1088_lfst0p1_image_20260709_174032/checkpoint-299.pth","strict_official_downstream","New_FUSAR","finetune","20","1","84.6","73.2"
"phyd_warmstart_ckpt299","runs/sarjepa_official_phyd_warmstart_bestckpt300_bs1088_lfst0p1_image_20260709_174032/checkpoint-299.pth","strict_official_downstream","New_FUSAR","finetune","20","2","85.3","74.1"
"phyd_warmstart_ckpt299","runs/sarjepa_official_phyd_warmstart_bestckpt300_bs1088_lfst0p1_image_20260709_174032/checkpoint-299.pth","strict_official_downstream","New_FUSAR","finetune","20","3","84.6","73"
"phyd_warmstart_ckpt299","runs/sarjepa_official_phyd_warmstart_bestckpt300_bs1088_lfst0p1_image_20260709_174032/checkpoint-299.pth","strict_official_downstream","New_FUSAR","finetune","20","4","84.6","73"
"phyd_warmstart_ckpt299","runs/sarjepa_official_phyd_warmstart_bestckpt300_bs1088_lfst0p1_image_20260709_174032/checkpoint-299.pth","strict_official_downstream","New_FUSAR","finetune","20","5","83.5","71"
"phyd_warmstart_ckpt299","runs/sarjepa_official_phyd_warmstart_bestckpt300_bs1088_lfst0p1_image_20260709_174032/checkpoint-299.pth","strict_official_downstream","New_FUSAR","finetune","20","6","85.8","74.3"
"phyd_warmstart_ckpt299","runs/sarjepa_official_phyd_warmstart_bestckpt300_bs1088_lfst0p1_image_20260709_174032/checkpoint-299.pth","strict_official_downstream","New_FUSAR","finetune","20","7","84.9","74.2"
"phyd_warmstart_ckpt299","runs/sarjepa_official_phyd_warmstart_bestckpt300_bs1088_lfst0p1_image_20260709_174032/checkpoint-299.pth","strict_official_downstream","New_FUSAR","finetune","20","8","83.4","70.9"
"phyd_warmstart_ckpt299","runs/sarjepa_official_phyd_warmstart_bestckpt300_bs1088_lfst0p1_image_20260709_174032/checkpoint-299.pth","strict_official_downstream","New_FUSAR","finetune","20","9","86.2","75.2"
"phyd_warmstart_ckpt299","runs/sarjepa_official_phyd_warmstart_bestckpt300_bs1088_lfst0p1_image_20260709_174032/checkpoint-299.pth","strict_official_downstream","New_FUSAR","finetune","20","10","83.7","72.5"
"phyd_warmstart_ckpt299","runs/sarjepa_official_phyd_warmstart_bestckpt300_bs1088_lfst0p1_image_20260709_174032/checkpoint-299.pth","strict_official_downstream","New_FUSAR","finetune","20","11","84.7","72.6"
"phyd_warmstart_ckpt299","runs/sarjepa_official_phyd_warmstart_bestckpt300_bs1088_lfst0p1_image_20260709_174032/checkpoint-299.pth","strict_official_downstream","New_FUSAR","finetune","20","12","83.6","72.2"
"phyd_warmstart_ckpt299","runs/sarjepa_official_phyd_warmstart_bestckpt300_bs1088_lfst0p1_image_20260709_174032/checkpoint-299.pth","strict_official_downstream","New_FUSAR","finetune","20","13","83.5","71.5"
"phyd_warmstart_ckpt299","runs/sarjepa_official_phyd_warmstart_bestckpt300_bs1088_lfst0p1_image_20260709_174032/checkpoint-299.pth","strict_official_downstream","New_FUSAR","finetune","20","14","85","72.7"
"phyd_warmstart_ckpt299","runs/sarjepa_official_phyd_warmstart_bestckpt300_bs1088_lfst0p1_image_20260709_174032/checkpoint-299.pth","strict_official_downstream","New_FUSAR","finetune","20","15","83.9","71.7"
"phyd_warmstart_ckpt299","runs/sarjepa_official_phyd_warmstart_bestckpt300_bs1088_lfst0p1_image_20260709_174032/checkpoint-299.pth","strict_official_downstream","New_FUSAR","finetune","20","16","83.7","72.1"
"phyd_warmstart_ckpt299","runs/sarjepa_official_phyd_warmstart_bestckpt300_bs1088_lfst0p1_image_20260709_174032/checkpoint-299.pth","strict_official_downstream","New_FUSAR","finetune","20","17","83.6","72.3"
"phyd_warmstart_ckpt299","runs/sarjepa_official_phyd_warmstart_bestckpt300_bs1088_lfst0p1_image_20260709_174032/checkpoint-299.pth","strict_official_downstream","New_FUSAR","finetune","20","18","83","70.7"
"phyd_warmstart_ckpt299","runs/sarjepa_official_phyd_warmstart_bestckpt300_bs1088_lfst0p1_image_20260709_174032/checkpoint-299.pth","strict_official_downstream","New_FUSAR","finetune","20","19","85.2","73.1"
"phyd_warmstart_ckpt299","runs/sarjepa_official_phyd_warmstart_bestckpt300_bs1088_lfst0p1_image_20260709_174032/checkpoint-299.pth","strict_official_downstream","New_FUSAR","finetune","40","0","87.7","77"
"phyd_warmstart_ckpt299","runs/sarjepa_official_phyd_warmstart_bestckpt300_bs1088_lfst0p1_image_20260709_174032/checkpoint-299.pth","strict_official_downstream","New_FUSAR","finetune","40","1","87.3","76.7"
"phyd_warmstart_ckpt299","runs/sarjepa_official_phyd_warmstart_bestckpt300_bs1088_lfst0p1_image_20260709_174032/checkpoint-299.pth","strict_official_downstream","New_FUSAR","finetune","40","2","86.2","75.7"
"phyd_warmstart_ckpt299","runs/sarjepa_official_phyd_warmstart_bestckpt300_bs1088_lfst0p1_image_20260709_174032/checkpoint-299.pth","strict_official_downstream","New_FUSAR","finetune","40","3","87.1","76.9"
"phyd_warmstart_ckpt299","runs/sarjepa_official_phyd_warmstart_bestckpt300_bs1088_lfst0p1_image_20260709_174032/checkpoint-299.pth","strict_official_downstream","New_FUSAR","finetune","40","4","88.3","78.3"
"phyd_warmstart_ckpt299","runs/sarjepa_official_phyd_warmstart_bestckpt300_bs1088_lfst0p1_image_20260709_174032/checkpoint-299.pth","strict_official_downstream","New_FUSAR","finetune","40","5","87.1","76.6"
"phyd_warmstart_ckpt299","runs/sarjepa_official_phyd_warmstart_bestckpt300_bs1088_lfst0p1_image_20260709_174032/checkpoint-299.pth","strict_official_downstream","New_FUSAR","finetune","40","6","87.7","77.9"
"phyd_warmstart_ckpt299","runs/sarjepa_official_phyd_warmstart_bestckpt300_bs1088_lfst0p1_image_20260709_174032/checkpoint-299.pth","strict_official_downstream","New_FUSAR","finetune","40","7","88.6","79"
"phyd_warmstart_ckpt299","runs/sarjepa_official_phyd_warmstart_bestckpt300_bs1088_lfst0p1_image_20260709_174032/checkpoint-299.pth","strict_official_downstream","New_FUSAR","finetune","40","8","87","78"
"phyd_warmstart_ckpt299","runs/sarjepa_official_phyd_warmstart_bestckpt300_bs1088_lfst0p1_image_20260709_174032/checkpoint-299.pth","strict_official_downstream","New_FUSAR","finetune","40","9","86.2","75.9"
"phyd_warmstart_ckpt299","runs/sarjepa_official_phyd_warmstart_bestckpt300_bs1088_lfst0p1_image_20260709_174032/checkpoint-299.pth","strict_official_downstream","New_FUSAR","finetune","40","10","87.5","77.5"
"phyd_warmstart_ckpt299","runs/sarjepa_official_phyd_warmstart_bestckpt300_bs1088_lfst0p1_image_20260709_174032/checkpoint-299.pth","strict_official_downstream","New_FUSAR","finetune","40","11","87.8","78.3"
"phyd_warmstart_ckpt299","runs/sarjepa_official_phyd_warmstart_bestckpt300_bs1088_lfst0p1_image_20260709_174032/checkpoint-299.pth","strict_official_downstream","New_FUSAR","finetune","40","12","88.1","78"
"phyd_warmstart_ckpt299","runs/sarjepa_official_phyd_warmstart_bestckpt300_bs1088_lfst0p1_image_20260709_174032/checkpoint-299.pth","strict_official_downstream","New_FUSAR","finetune","40","13","87.6","76.9"
"phyd_warmstart_ckpt299","runs/sarjepa_official_phyd_warmstart_bestckpt300_bs1088_lfst0p1_image_20260709_174032/checkpoint-299.pth","strict_official_downstream","New_FUSAR","finetune","40","14","86.5","75.6"
"phyd_warmstart_ckpt299","runs/sarjepa_official_phyd_warmstart_bestckpt300_bs1088_lfst0p1_image_20260709_174032/checkpoint-299.pth","strict_official_downstream","New_FUSAR","finetune","40","15","86.7","77"
"phyd_warmstart_ckpt299","runs/sarjepa_official_phyd_warmstart_bestckpt300_bs1088_lfst0p1_image_20260709_174032/checkpoint-299.pth","strict_official_downstream","New_FUSAR","finetune","40","16","87.6","77.6"
"phyd_warmstart_ckpt299","runs/sarjepa_official_phyd_warmstart_bestckpt300_bs1088_lfst0p1_image_20260709_174032/checkpoint-299.pth","strict_official_downstream","New_FUSAR","finetune","40","17","87.3","76.8"
"phyd_warmstart_ckpt299","runs/sarjepa_official_phyd_warmstart_bestckpt300_bs1088_lfst0p1_image_20260709_174032/checkpoint-299.pth","strict_official_downstream","New_FUSAR","finetune","40","18","87.4","76.8"
"phyd_warmstart_ckpt299","runs/sarjepa_official_phyd_warmstart_bestckpt300_bs1088_lfst0p1_image_20260709_174032/checkpoint-299.pth","strict_official_downstream","New_FUSAR","finetune","40","19","87.1","76.8"
"phyd_warmstart_ckpt299","runs/sarjepa_official_phyd_warmstart_bestckpt300_bs1088_lfst0p1_image_20260709_174032/checkpoint-299.pth","strict_official_downstream","New_FUSAR","linear","10","0","72.3","59.1"
"phyd_warmstart_ckpt299","runs/sarjepa_official_phyd_warmstart_bestckpt300_bs1088_lfst0p1_image_20260709_174032/checkpoint-299.pth","strict_official_downstream","New_FUSAR","linear","10","1","65.5","53.3"
"phyd_warmstart_ckpt299","runs/sarjepa_official_phyd_warmstart_bestckpt300_bs1088_lfst0p1_image_20260709_174032/checkpoint-299.pth","strict_official_downstream","New_FUSAR","linear","10","2","77.5","63.9"
"phyd_warmstart_ckpt299","runs/sarjepa_official_phyd_warmstart_bestckpt300_bs1088_lfst0p1_image_20260709_174032/checkpoint-299.pth","strict_official_downstream","New_FUSAR","linear","10","3","73.9","62.6"
"phyd_warmstart_ckpt299","runs/sarjepa_official_phyd_warmstart_bestckpt300_bs1088_lfst0p1_image_20260709_174032/checkpoint-299.pth","strict_official_downstream","New_FUSAR","linear","10","4","70.7","58.4"
"phyd_warmstart_ckpt299","runs/sarjepa_official_phyd_warmstart_bestckpt300_bs1088_lfst0p1_image_20260709_174032/checkpoint-299.pth","strict_official_downstream","New_FUSAR","linear","10","5","68.3","56.5"
"phyd_warmstart_ckpt299","runs/sarjepa_official_phyd_warmstart_bestckpt300_bs1088_lfst0p1_image_20260709_174032/checkpoint-299.pth","strict_official_downstream","New_FUSAR","linear","10","6","70.9","57.8"
"phyd_warmstart_ckpt299","runs/sarjepa_official_phyd_warmstart_bestckpt300_bs1088_lfst0p1_image_20260709_174032/checkpoint-299.pth","strict_official_downstream","New_FUSAR","linear","10","7","72.4","59.5"
"phyd_warmstart_ckpt299","runs/sarjepa_official_phyd_warmstart_bestckpt300_bs1088_lfst0p1_image_20260709_174032/checkpoint-299.pth","strict_official_downstream","New_FUSAR","linear","10","8","75.2","62.9"
"phyd_warmstart_ckpt299","runs/sarjepa_official_phyd_warmstart_bestckpt300_bs1088_lfst0p1_image_20260709_174032/checkpoint-299.pth","strict_official_downstream","New_FUSAR","linear","10","9","73.1","58.1"
"phyd_warmstart_ckpt299","runs/sarjepa_official_phyd_warmstart_bestckpt300_bs1088_lfst0p1_image_20260709_174032/checkpoint-299.pth","strict_official_downstream","New_FUSAR","linear","10","10","73.2","58.2"
"phyd_warmstart_ckpt299","runs/sarjepa_official_phyd_warmstart_bestckpt300_bs1088_lfst0p1_image_20260709_174032/checkpoint-299.pth","strict_official_downstream","New_FUSAR","linear","10","11","67.8","53.9"
"phyd_warmstart_ckpt299","runs/sarjepa_official_phyd_warmstart_bestckpt300_bs1088_lfst0p1_image_20260709_174032/checkpoint-299.pth","strict_official_downstream","New_FUSAR","linear","10","12","65.2","53.8"
"phyd_warmstart_ckpt299","runs/sarjepa_official_phyd_warmstart_bestckpt300_bs1088_lfst0p1_image_20260709_174032/checkpoint-299.pth","strict_official_downstream","New_FUSAR","linear","10","13","67.8","57.4"
"phyd_warmstart_ckpt299","runs/sarjepa_official_phyd_warmstart_bestckpt300_bs1088_lfst0p1_image_20260709_174032/checkpoint-299.pth","strict_official_downstream","New_FUSAR","linear","10","14","68.7","56.6"
"phyd_warmstart_ckpt299","runs/sarjepa_official_phyd_warmstart_bestckpt300_bs1088_lfst0p1_image_20260709_174032/checkpoint-299.pth","strict_official_downstream","New_FUSAR","linear","10","15","68.1","53.5"
"phyd_warmstart_ckpt299","runs/sarjepa_official_phyd_warmstart_bestckpt300_bs1088_lfst0p1_image_20260709_174032/checkpoint-299.pth","strict_official_downstream","New_FUSAR","linear","10","16","71.3","56.9"
"phyd_warmstart_ckpt299","runs/sarjepa_official_phyd_warmstart_bestckpt300_bs1088_lfst0p1_image_20260709_174032/checkpoint-299.pth","strict_official_downstream","New_FUSAR","linear","10","17","69.5","56.3"
"phyd_warmstart_ckpt299","runs/sarjepa_official_phyd_warmstart_bestckpt300_bs1088_lfst0p1_image_20260709_174032/checkpoint-299.pth","strict_official_downstream","New_FUSAR","linear","10","18","73","59.4"
"phyd_warmstart_ckpt299","runs/sarjepa_official_phyd_warmstart_bestckpt300_bs1088_lfst0p1_image_20260709_174032/checkpoint-299.pth","strict_official_downstream","New_FUSAR","linear","10","19","64.8","53.5"
"phyd_warmstart_ckpt299","runs/sarjepa_official_phyd_warmstart_bestckpt300_bs1088_lfst0p1_image_20260709_174032/checkpoint-299.pth","strict_official_downstream","New_FUSAR","linear","20","0","79.7","67.9"
"phyd_warmstart_ckpt299","runs/sarjepa_official_phyd_warmstart_bestckpt300_bs1088_lfst0p1_image_20260709_174032/checkpoint-299.pth","strict_official_downstream","New_FUSAR","linear","20","1","80.5","68.5"
"phyd_warmstart_ckpt299","runs/sarjepa_official_phyd_warmstart_bestckpt300_bs1088_lfst0p1_image_20260709_174032/checkpoint-299.pth","strict_official_downstream","New_FUSAR","linear","20","2","78.8","65.5"
"phyd_warmstart_ckpt299","runs/sarjepa_official_phyd_warmstart_bestckpt300_bs1088_lfst0p1_image_20260709_174032/checkpoint-299.pth","strict_official_downstream","New_FUSAR","linear","20","3","78.1","66.8"
"phyd_warmstart_ckpt299","runs/sarjepa_official_phyd_warmstart_bestckpt300_bs1088_lfst0p1_image_20260709_174032/checkpoint-299.pth","strict_official_downstream","New_FUSAR","linear","20","4","78.6","64.5"
"phyd_warmstart_ckpt299","runs/sarjepa_official_phyd_warmstart_bestckpt300_bs1088_lfst0p1_image_20260709_174032/checkpoint-299.pth","strict_official_downstream","New_FUSAR","linear","20","5","77.3","63.9"
"phyd_warmstart_ckpt299","runs/sarjepa_official_phyd_warmstart_bestckpt300_bs1088_lfst0p1_image_20260709_174032/checkpoint-299.pth","strict_official_downstream","New_FUSAR","linear","20","6","78.1","66.4"
"phyd_warmstart_ckpt299","runs/sarjepa_official_phyd_warmstart_bestckpt300_bs1088_lfst0p1_image_20260709_174032/checkpoint-299.pth","strict_official_downstream","New_FUSAR","linear","20","7","78.5","66.2"
"phyd_warmstart_ckpt299","runs/sarjepa_official_phyd_warmstart_bestckpt300_bs1088_lfst0p1_image_20260709_174032/checkpoint-299.pth","strict_official_downstream","New_FUSAR","linear","20","8","78.9","66.5"
"phyd_warmstart_ckpt299","runs/sarjepa_official_phyd_warmstart_bestckpt300_bs1088_lfst0p1_image_20260709_174032/checkpoint-299.pth","strict_official_downstream","New_FUSAR","linear","20","9","80.6","68.6"
"phyd_warmstart_ckpt299","runs/sarjepa_official_phyd_warmstart_bestckpt300_bs1088_lfst0p1_image_20260709_174032/checkpoint-299.pth","strict_official_downstream","New_FUSAR","linear","20","10","78.4","66.7"
"phyd_warmstart_ckpt299","runs/sarjepa_official_phyd_warmstart_bestckpt300_bs1088_lfst0p1_image_20260709_174032/checkpoint-299.pth","strict_official_downstream","New_FUSAR","linear","20","11","78.4","65.5"
"phyd_warmstart_ckpt299","runs/sarjepa_official_phyd_warmstart_bestckpt300_bs1088_lfst0p1_image_20260709_174032/checkpoint-299.pth","strict_official_downstream","New_FUSAR","linear","20","12","77.3","65.6"
"phyd_warmstart_ckpt299","runs/sarjepa_official_phyd_warmstart_bestckpt300_bs1088_lfst0p1_image_20260709_174032/checkpoint-299.pth","strict_official_downstream","New_FUSAR","linear","20","13","77.9","65.4"
"phyd_warmstart_ckpt299","runs/sarjepa_official_phyd_warmstart_bestckpt300_bs1088_lfst0p1_image_20260709_174032/checkpoint-299.pth","strict_official_downstream","New_FUSAR","linear","20","14","76.1","61.5"
"phyd_warmstart_ckpt299","runs/sarjepa_official_phyd_warmstart_bestckpt300_bs1088_lfst0p1_image_20260709_174032/checkpoint-299.pth","strict_official_downstream","New_FUSAR","linear","20","15","78.8","66.9"
"phyd_warmstart_ckpt299","runs/sarjepa_official_phyd_warmstart_bestckpt300_bs1088_lfst0p1_image_20260709_174032/checkpoint-299.pth","strict_official_downstream","New_FUSAR","linear","20","16","77.6","63.4"
"phyd_warmstart_ckpt299","runs/sarjepa_official_phyd_warmstart_bestckpt300_bs1088_lfst0p1_image_20260709_174032/checkpoint-299.pth","strict_official_downstream","New_FUSAR","linear","20","17","76.6","64.9"
"phyd_warmstart_ckpt299","runs/sarjepa_official_phyd_warmstart_bestckpt300_bs1088_lfst0p1_image_20260709_174032/checkpoint-299.pth","strict_official_downstream","New_FUSAR","linear","20","18","77.7","63.7"
"phyd_warmstart_ckpt299","runs/sarjepa_official_phyd_warmstart_bestckpt300_bs1088_lfst0p1_image_20260709_174032/checkpoint-299.pth","strict_official_downstream","New_FUSAR","linear","20","19","80","65.4"
"phyd_warmstart_ckpt299","runs/sarjepa_official_phyd_warmstart_bestckpt300_bs1088_lfst0p1_image_20260709_174032/checkpoint-299.pth","strict_official_downstream","New_FUSAR","linear","40","0","81.8","70.3"
"phyd_warmstart_ckpt299","runs/sarjepa_official_phyd_warmstart_bestckpt300_bs1088_lfst0p1_image_20260709_174032/checkpoint-299.pth","strict_official_downstream","New_FUSAR","linear","40","1","82.6","70.2"
"phyd_warmstart_ckpt299","runs/sarjepa_official_phyd_warmstart_bestckpt300_bs1088_lfst0p1_image_20260709_174032/checkpoint-299.pth","strict_official_downstream","New_FUSAR","linear","40","2","82.3","70.5"
"phyd_warmstart_ckpt299","runs/sarjepa_official_phyd_warmstart_bestckpt300_bs1088_lfst0p1_image_20260709_174032/checkpoint-299.pth","strict_official_downstream","New_FUSAR","linear","40","3","80.4","70.2"
"phyd_warmstart_ckpt299","runs/sarjepa_official_phyd_warmstart_bestckpt300_bs1088_lfst0p1_image_20260709_174032/checkpoint-299.pth","strict_official_downstream","New_FUSAR","linear","40","4","83.4","71.8"
"phyd_warmstart_ckpt299","runs/sarjepa_official_phyd_warmstart_bestckpt300_bs1088_lfst0p1_image_20260709_174032/checkpoint-299.pth","strict_official_downstream","New_FUSAR","linear","40","5","82","69.9"
"phyd_warmstart_ckpt299","runs/sarjepa_official_phyd_warmstart_bestckpt300_bs1088_lfst0p1_image_20260709_174032/checkpoint-299.pth","strict_official_downstream","New_FUSAR","linear","40","6","82.4","70.9"
"phyd_warmstart_ckpt299","runs/sarjepa_official_phyd_warmstart_bestckpt300_bs1088_lfst0p1_image_20260709_174032/checkpoint-299.pth","strict_official_downstream","New_FUSAR","linear","40","7","82","70.5"
"phyd_warmstart_ckpt299","runs/sarjepa_official_phyd_warmstart_bestckpt300_bs1088_lfst0p1_image_20260709_174032/checkpoint-299.pth","strict_official_downstream","New_FUSAR","linear","40","8","84.2","72.4"
"phyd_warmstart_ckpt299","runs/sarjepa_official_phyd_warmstart_bestckpt300_bs1088_lfst0p1_image_20260709_174032/checkpoint-299.pth","strict_official_downstream","New_FUSAR","linear","40","9","82.5","70.1"
"phyd_warmstart_ckpt299","runs/sarjepa_official_phyd_warmstart_bestckpt300_bs1088_lfst0p1_image_20260709_174032/checkpoint-299.pth","strict_official_downstream","New_FUSAR","linear","40","10","83","70.7"
"phyd_warmstart_ckpt299","runs/sarjepa_official_phyd_warmstart_bestckpt300_bs1088_lfst0p1_image_20260709_174032/checkpoint-299.pth","strict_official_downstream","New_FUSAR","linear","40","11","82.7","70.6"
"phyd_warmstart_ckpt299","runs/sarjepa_official_phyd_warmstart_bestckpt300_bs1088_lfst0p1_image_20260709_174032/checkpoint-299.pth","strict_official_downstream","New_FUSAR","linear","40","12","81.7","70"
"phyd_warmstart_ckpt299","runs/sarjepa_official_phyd_warmstart_bestckpt300_bs1088_lfst0p1_image_20260709_174032/checkpoint-299.pth","strict_official_downstream","New_FUSAR","linear","40","13","84.4","74"
"phyd_warmstart_ckpt299","runs/sarjepa_official_phyd_warmstart_bestckpt300_bs1088_lfst0p1_image_20260709_174032/checkpoint-299.pth","strict_official_downstream","New_FUSAR","linear","40","14","82.1","70.2"
"phyd_warmstart_ckpt299","runs/sarjepa_official_phyd_warmstart_bestckpt300_bs1088_lfst0p1_image_20260709_174032/checkpoint-299.pth","strict_official_downstream","New_FUSAR","linear","40","15","79.9","69.1"
"phyd_warmstart_ckpt299","runs/sarjepa_official_phyd_warmstart_bestckpt300_bs1088_lfst0p1_image_20260709_174032/checkpoint-299.pth","strict_official_downstream","New_FUSAR","linear","40","16","82","69.6"
"phyd_warmstart_ckpt299","runs/sarjepa_official_phyd_warmstart_bestckpt300_bs1088_lfst0p1_image_20260709_174032/checkpoint-299.pth","strict_official_downstream","New_FUSAR","linear","40","17","83.1","71.8"
"phyd_warmstart_ckpt299","runs/sarjepa_official_phyd_warmstart_bestckpt300_bs1088_lfst0p1_image_20260709_174032/checkpoint-299.pth","strict_official_downstream","New_FUSAR","linear","40","18","82","70.7"
"phyd_warmstart_ckpt299","runs/sarjepa_official_phyd_warmstart_bestckpt300_bs1088_lfst0p1_image_20260709_174032/checkpoint-299.pth","strict_official_downstream","New_FUSAR","linear","40","19","82.2","71"
"phyd_warmstart_ckpt299","runs/sarjepa_official_phyd_warmstart_bestckpt300_bs1088_lfst0p1_image_20260709_174032/checkpoint-299.pth","strict_official_downstream","SAR_ACD","finetune","10","0","52","51.2"
"phyd_warmstart_ckpt299","runs/sarjepa_official_phyd_warmstart_bestckpt300_bs1088_lfst0p1_image_20260709_174032/checkpoint-299.pth","strict_official_downstream","SAR_ACD","finetune","10","1","52.2","52.1"
"phyd_warmstart_ckpt299","runs/sarjepa_official_phyd_warmstart_bestckpt300_bs1088_lfst0p1_image_20260709_174032/checkpoint-299.pth","strict_official_downstream","SAR_ACD","finetune","10","2","53.8","52.9"
"phyd_warmstart_ckpt299","runs/sarjepa_official_phyd_warmstart_bestckpt300_bs1088_lfst0p1_image_20260709_174032/checkpoint-299.pth","strict_official_downstream","SAR_ACD","finetune","10","3","51.3","50.7"
"phyd_warmstart_ckpt299","runs/sarjepa_official_phyd_warmstart_bestckpt300_bs1088_lfst0p1_image_20260709_174032/checkpoint-299.pth","strict_official_downstream","SAR_ACD","finetune","10","4","55.7","54.6"
"phyd_warmstart_ckpt299","runs/sarjepa_official_phyd_warmstart_bestckpt300_bs1088_lfst0p1_image_20260709_174032/checkpoint-299.pth","strict_official_downstream","SAR_ACD","finetune","10","5","45.4","45.6"
"phyd_warmstart_ckpt299","runs/sarjepa_official_phyd_warmstart_bestckpt300_bs1088_lfst0p1_image_20260709_174032/checkpoint-299.pth","strict_official_downstream","SAR_ACD","finetune","10","6","51.2","50.3"
"phyd_warmstart_ckpt299","runs/sarjepa_official_phyd_warmstart_bestckpt300_bs1088_lfst0p1_image_20260709_174032/checkpoint-299.pth","strict_official_downstream","SAR_ACD","finetune","10","7","51.2","50.2"
"phyd_warmstart_ckpt299","runs/sarjepa_official_phyd_warmstart_bestckpt300_bs1088_lfst0p1_image_20260709_174032/checkpoint-299.pth","strict_official_downstream","SAR_ACD","finetune","10","8","51.6","50.9"
"phyd_warmstart_ckpt299","runs/sarjepa_official_phyd_warmstart_bestckpt300_bs1088_lfst0p1_image_20260709_174032/checkpoint-299.pth","strict_official_downstream","SAR_ACD","finetune","10","9","50.5","49.4"
"phyd_warmstart_ckpt299","runs/sarjepa_official_phyd_warmstart_bestckpt300_bs1088_lfst0p1_image_20260709_174032/checkpoint-299.pth","strict_official_downstream","SAR_ACD","finetune","10","10","52.3","52"
"phyd_warmstart_ckpt299","runs/sarjepa_official_phyd_warmstart_bestckpt300_bs1088_lfst0p1_image_20260709_174032/checkpoint-299.pth","strict_official_downstream","SAR_ACD","finetune","10","11","49.5","48.8"
"phyd_warmstart_ckpt299","runs/sarjepa_official_phyd_warmstart_bestckpt300_bs1088_lfst0p1_image_20260709_174032/checkpoint-299.pth","strict_official_downstream","SAR_ACD","finetune","10","12","54","54.1"
"phyd_warmstart_ckpt299","runs/sarjepa_official_phyd_warmstart_bestckpt300_bs1088_lfst0p1_image_20260709_174032/checkpoint-299.pth","strict_official_downstream","SAR_ACD","finetune","10","13","48.7","48.3"
"phyd_warmstart_ckpt299","runs/sarjepa_official_phyd_warmstart_bestckpt300_bs1088_lfst0p1_image_20260709_174032/checkpoint-299.pth","strict_official_downstream","SAR_ACD","finetune","10","14","51.5","51.8"
"phyd_warmstart_ckpt299","runs/sarjepa_official_phyd_warmstart_bestckpt300_bs1088_lfst0p1_image_20260709_174032/checkpoint-299.pth","strict_official_downstream","SAR_ACD","finetune","10","15","53.4","53.1"
"phyd_warmstart_ckpt299","runs/sarjepa_official_phyd_warmstart_bestckpt300_bs1088_lfst0p1_image_20260709_174032/checkpoint-299.pth","strict_official_downstream","SAR_ACD","finetune","10","16","54.4","53.2"
"phyd_warmstart_ckpt299","runs/sarjepa_official_phyd_warmstart_bestckpt300_bs1088_lfst0p1_image_20260709_174032/checkpoint-299.pth","strict_official_downstream","SAR_ACD","finetune","10","17","51.5","51.2"
"phyd_warmstart_ckpt299","runs/sarjepa_official_phyd_warmstart_bestckpt300_bs1088_lfst0p1_image_20260709_174032/checkpoint-299.pth","strict_official_downstream","SAR_ACD","finetune","10","18","51.1","51"
"phyd_warmstart_ckpt299","runs/sarjepa_official_phyd_warmstart_bestckpt300_bs1088_lfst0p1_image_20260709_174032/checkpoint-299.pth","strict_official_downstream","SAR_ACD","finetune","10","19","50.8","51.4"
"phyd_warmstart_ckpt299","runs/sarjepa_official_phyd_warmstart_bestckpt300_bs1088_lfst0p1_image_20260709_174032/checkpoint-299.pth","strict_official_downstream","SAR_ACD","finetune","20","0","57.8","57.4"
"phyd_warmstart_ckpt299","runs/sarjepa_official_phyd_warmstart_bestckpt300_bs1088_lfst0p1_image_20260709_174032/checkpoint-299.pth","strict_official_downstream","SAR_ACD","finetune","20","1","60.2","60.3"
"phyd_warmstart_ckpt299","runs/sarjepa_official_phyd_warmstart_bestckpt300_bs1088_lfst0p1_image_20260709_174032/checkpoint-299.pth","strict_official_downstream","SAR_ACD","finetune","20","2","61.3","60.8"
"phyd_warmstart_ckpt299","runs/sarjepa_official_phyd_warmstart_bestckpt300_bs1088_lfst0p1_image_20260709_174032/checkpoint-299.pth","strict_official_downstream","SAR_ACD","finetune","20","3","61.6","61.7"
"phyd_warmstart_ckpt299","runs/sarjepa_official_phyd_warmstart_bestckpt300_bs1088_lfst0p1_image_20260709_174032/checkpoint-299.pth","strict_official_downstream","SAR_ACD","finetune","20","4","61.3","61.5"
"phyd_warmstart_ckpt299","runs/sarjepa_official_phyd_warmstart_bestckpt300_bs1088_lfst0p1_image_20260709_174032/checkpoint-299.pth","strict_official_downstream","SAR_ACD","finetune","20","5","56.9","56.8"
"phyd_warmstart_ckpt299","runs/sarjepa_official_phyd_warmstart_bestckpt300_bs1088_lfst0p1_image_20260709_174032/checkpoint-299.pth","strict_official_downstream","SAR_ACD","finetune","20","6","59.6","59.5"
"phyd_warmstart_ckpt299","runs/sarjepa_official_phyd_warmstart_bestckpt300_bs1088_lfst0p1_image_20260709_174032/checkpoint-299.pth","strict_official_downstream","SAR_ACD","finetune","20","7","56.7","56.3"
"phyd_warmstart_ckpt299","runs/sarjepa_official_phyd_warmstart_bestckpt300_bs1088_lfst0p1_image_20260709_174032/checkpoint-299.pth","strict_official_downstream","SAR_ACD","finetune","20","8","61.3","60.7"
"phyd_warmstart_ckpt299","runs/sarjepa_official_phyd_warmstart_bestckpt300_bs1088_lfst0p1_image_20260709_174032/checkpoint-299.pth","strict_official_downstream","SAR_ACD","finetune","20","9","54.6","54.1"
"phyd_warmstart_ckpt299","runs/sarjepa_official_phyd_warmstart_bestckpt300_bs1088_lfst0p1_image_20260709_174032/checkpoint-299.pth","strict_official_downstream","SAR_ACD","finetune","20","10","54.1","53.4"
"phyd_warmstart_ckpt299","runs/sarjepa_official_phyd_warmstart_bestckpt300_bs1088_lfst0p1_image_20260709_174032/checkpoint-299.pth","strict_official_downstream","SAR_ACD","finetune","20","11","59.7","59.7"
"phyd_warmstart_ckpt299","runs/sarjepa_official_phyd_warmstart_bestckpt300_bs1088_lfst0p1_image_20260709_174032/checkpoint-299.pth","strict_official_downstream","SAR_ACD","finetune","20","12","61.3","61.1"
"phyd_warmstart_ckpt299","runs/sarjepa_official_phyd_warmstart_bestckpt300_bs1088_lfst0p1_image_20260709_174032/checkpoint-299.pth","strict_official_downstream","SAR_ACD","finetune","20","13","57.7","57.6"
"phyd_warmstart_ckpt299","runs/sarjepa_official_phyd_warmstart_bestckpt300_bs1088_lfst0p1_image_20260709_174032/checkpoint-299.pth","strict_official_downstream","SAR_ACD","finetune","20","14","58.8","58.9"
"phyd_warmstart_ckpt299","runs/sarjepa_official_phyd_warmstart_bestckpt300_bs1088_lfst0p1_image_20260709_174032/checkpoint-299.pth","strict_official_downstream","SAR_ACD","finetune","20","15","58.8","58.8"
"phyd_warmstart_ckpt299","runs/sarjepa_official_phyd_warmstart_bestckpt300_bs1088_lfst0p1_image_20260709_174032/checkpoint-299.pth","strict_official_downstream","SAR_ACD","finetune","20","16","61.5","61.5"
"phyd_warmstart_ckpt299","runs/sarjepa_official_phyd_warmstart_bestckpt300_bs1088_lfst0p1_image_20260709_174032/checkpoint-299.pth","strict_official_downstream","SAR_ACD","finetune","20","17","56.5","56.3"
"phyd_warmstart_ckpt299","runs/sarjepa_official_phyd_warmstart_bestckpt300_bs1088_lfst0p1_image_20260709_174032/checkpoint-299.pth","strict_official_downstream","SAR_ACD","finetune","20","18","57.9","58"
"phyd_warmstart_ckpt299","runs/sarjepa_official_phyd_warmstart_bestckpt300_bs1088_lfst0p1_image_20260709_174032/checkpoint-299.pth","strict_official_downstream","SAR_ACD","finetune","20","19","60.6","60.3"
"phyd_warmstart_ckpt299","runs/sarjepa_official_phyd_warmstart_bestckpt300_bs1088_lfst0p1_image_20260709_174032/checkpoint-299.pth","strict_official_downstream","SAR_ACD","finetune","40","0","74.8","74.6"
"phyd_warmstart_ckpt299","runs/sarjepa_official_phyd_warmstart_bestckpt300_bs1088_lfst0p1_image_20260709_174032/checkpoint-299.pth","strict_official_downstream","SAR_ACD","finetune","40","1","66.7","66.9"
"phyd_warmstart_ckpt299","runs/sarjepa_official_phyd_warmstart_bestckpt300_bs1088_lfst0p1_image_20260709_174032/checkpoint-299.pth","strict_official_downstream","SAR_ACD","finetune","40","2","70","69.7"
"phyd_warmstart_ckpt299","runs/sarjepa_official_phyd_warmstart_bestckpt300_bs1088_lfst0p1_image_20260709_174032/checkpoint-299.pth","strict_official_downstream","SAR_ACD","finetune","40","3","65.6","65.5"
"phyd_warmstart_ckpt299","runs/sarjepa_official_phyd_warmstart_bestckpt300_bs1088_lfst0p1_image_20260709_174032/checkpoint-299.pth","strict_official_downstream","SAR_ACD","finetune","40","4","72","72"
"phyd_warmstart_ckpt299","runs/sarjepa_official_phyd_warmstart_bestckpt300_bs1088_lfst0p1_image_20260709_174032/checkpoint-299.pth","strict_official_downstream","SAR_ACD","finetune","40","5","67.2","66.9"
"phyd_warmstart_ckpt299","runs/sarjepa_official_phyd_warmstart_bestckpt300_bs1088_lfst0p1_image_20260709_174032/checkpoint-299.pth","strict_official_downstream","SAR_ACD","finetune","40","6","70.5","70.5"
"phyd_warmstart_ckpt299","runs/sarjepa_official_phyd_warmstart_bestckpt300_bs1088_lfst0p1_image_20260709_174032/checkpoint-299.pth","strict_official_downstream","SAR_ACD","finetune","40","7","69.8","69.2"
"phyd_warmstart_ckpt299","runs/sarjepa_official_phyd_warmstart_bestckpt300_bs1088_lfst0p1_image_20260709_174032/checkpoint-299.pth","strict_official_downstream","SAR_ACD","finetune","40","8","71.2","71.1"
"phyd_warmstart_ckpt299","runs/sarjepa_official_phyd_warmstart_bestckpt300_bs1088_lfst0p1_image_20260709_174032/checkpoint-299.pth","strict_official_downstream","SAR_ACD","finetune","40","9","64.6","64.8"
"phyd_warmstart_ckpt299","runs/sarjepa_official_phyd_warmstart_bestckpt300_bs1088_lfst0p1_image_20260709_174032/checkpoint-299.pth","strict_official_downstream","SAR_ACD","finetune","40","10","68.7","68.6"
"phyd_warmstart_ckpt299","runs/sarjepa_official_phyd_warmstart_bestckpt300_bs1088_lfst0p1_image_20260709_174032/checkpoint-299.pth","strict_official_downstream","SAR_ACD","finetune","40","11","71.1","70.7"
"phyd_warmstart_ckpt299","runs/sarjepa_official_phyd_warmstart_bestckpt300_bs1088_lfst0p1_image_20260709_174032/checkpoint-299.pth","strict_official_downstream","SAR_ACD","finetune","40","12","70.3","70.2"
"phyd_warmstart_ckpt299","runs/sarjepa_official_phyd_warmstart_bestckpt300_bs1088_lfst0p1_image_20260709_174032/checkpoint-299.pth","strict_official_downstream","SAR_ACD","finetune","40","13","67.5","67.8"
"phyd_warmstart_ckpt299","runs/sarjepa_official_phyd_warmstart_bestckpt300_bs1088_lfst0p1_image_20260709_174032/checkpoint-299.pth","strict_official_downstream","SAR_ACD","finetune","40","14","74.3","73.9"
"phyd_warmstart_ckpt299","runs/sarjepa_official_phyd_warmstart_bestckpt300_bs1088_lfst0p1_image_20260709_174032/checkpoint-299.pth","strict_official_downstream","SAR_ACD","finetune","40","15","69.7","69.7"
"phyd_warmstart_ckpt299","runs/sarjepa_official_phyd_warmstart_bestckpt300_bs1088_lfst0p1_image_20260709_174032/checkpoint-299.pth","strict_official_downstream","SAR_ACD","finetune","40","16","71.2","71.6"
"phyd_warmstart_ckpt299","runs/sarjepa_official_phyd_warmstart_bestckpt300_bs1088_lfst0p1_image_20260709_174032/checkpoint-299.pth","strict_official_downstream","SAR_ACD","finetune","40","17","69.6","69.8"
"phyd_warmstart_ckpt299","runs/sarjepa_official_phyd_warmstart_bestckpt300_bs1088_lfst0p1_image_20260709_174032/checkpoint-299.pth","strict_official_downstream","SAR_ACD","finetune","40","18","66.7","67"
"phyd_warmstart_ckpt299","runs/sarjepa_official_phyd_warmstart_bestckpt300_bs1088_lfst0p1_image_20260709_174032/checkpoint-299.pth","strict_official_downstream","SAR_ACD","finetune","40","19","68.3","67.9"
"phyd_warmstart_ckpt299","runs/sarjepa_official_phyd_warmstart_bestckpt300_bs1088_lfst0p1_image_20260709_174032/checkpoint-299.pth","strict_official_downstream","SAR_ACD","linear","10","0","45.1","43.2"
"phyd_warmstart_ckpt299","runs/sarjepa_official_phyd_warmstart_bestckpt300_bs1088_lfst0p1_image_20260709_174032/checkpoint-299.pth","strict_official_downstream","SAR_ACD","linear","10","1","46.5","44.4"
"phyd_warmstart_ckpt299","runs/sarjepa_official_phyd_warmstart_bestckpt300_bs1088_lfst0p1_image_20260709_174032/checkpoint-299.pth","strict_official_downstream","SAR_ACD","linear","10","2","48.3","47"
"phyd_warmstart_ckpt299","runs/sarjepa_official_phyd_warmstart_bestckpt300_bs1088_lfst0p1_image_20260709_174032/checkpoint-299.pth","strict_official_downstream","SAR_ACD","linear","10","3","44.4","43.3"
"phyd_warmstart_ckpt299","runs/sarjepa_official_phyd_warmstart_bestckpt300_bs1088_lfst0p1_image_20260709_174032/checkpoint-299.pth","strict_official_downstream","SAR_ACD","linear","10","4","40.8","39.5"
"phyd_warmstart_ckpt299","runs/sarjepa_official_phyd_warmstart_bestckpt300_bs1088_lfst0p1_image_20260709_174032/checkpoint-299.pth","strict_official_downstream","SAR_ACD","linear","10","5","41.1","38.9"
"phyd_warmstart_ckpt299","runs/sarjepa_official_phyd_warmstart_bestckpt300_bs1088_lfst0p1_image_20260709_174032/checkpoint-299.pth","strict_official_downstream","SAR_ACD","linear","10","6","45.1","41.6"
"phyd_warmstart_ckpt299","runs/sarjepa_official_phyd_warmstart_bestckpt300_bs1088_lfst0p1_image_20260709_174032/checkpoint-299.pth","strict_official_downstream","SAR_ACD","linear","10","7","42.4","41.1"
"phyd_warmstart_ckpt299","runs/sarjepa_official_phyd_warmstart_bestckpt300_bs1088_lfst0p1_image_20260709_174032/checkpoint-299.pth","strict_official_downstream","SAR_ACD","linear","10","8","50.6","49.8"
"phyd_warmstart_ckpt299","runs/sarjepa_official_phyd_warmstart_bestckpt300_bs1088_lfst0p1_image_20260709_174032/checkpoint-299.pth","strict_official_downstream","SAR_ACD","linear","10","9","45","44.3"
"phyd_warmstart_ckpt299","runs/sarjepa_official_phyd_warmstart_bestckpt300_bs1088_lfst0p1_image_20260709_174032/checkpoint-299.pth","strict_official_downstream","SAR_ACD","linear","10","10","47.8","47.3"
"phyd_warmstart_ckpt299","runs/sarjepa_official_phyd_warmstart_bestckpt300_bs1088_lfst0p1_image_20260709_174032/checkpoint-299.pth","strict_official_downstream","SAR_ACD","linear","10","11","45.8","44.7"
"phyd_warmstart_ckpt299","runs/sarjepa_official_phyd_warmstart_bestckpt300_bs1088_lfst0p1_image_20260709_174032/checkpoint-299.pth","strict_official_downstream","SAR_ACD","linear","10","12","46.9","45.2"
"phyd_warmstart_ckpt299","runs/sarjepa_official_phyd_warmstart_bestckpt300_bs1088_lfst0p1_image_20260709_174032/checkpoint-299.pth","strict_official_downstream","SAR_ACD","linear","10","13","46.1","43.1"
"phyd_warmstart_ckpt299","runs/sarjepa_official_phyd_warmstart_bestckpt300_bs1088_lfst0p1_image_20260709_174032/checkpoint-299.pth","strict_official_downstream","SAR_ACD","linear","10","14","43.7","40.4"
"phyd_warmstart_ckpt299","runs/sarjepa_official_phyd_warmstart_bestckpt300_bs1088_lfst0p1_image_20260709_174032/checkpoint-299.pth","strict_official_downstream","SAR_ACD","linear","10","15","43.6","39.8"
"phyd_warmstart_ckpt299","runs/sarjepa_official_phyd_warmstart_bestckpt300_bs1088_lfst0p1_image_20260709_174032/checkpoint-299.pth","strict_official_downstream","SAR_ACD","linear","10","16","44.7","41.7"
"phyd_warmstart_ckpt299","runs/sarjepa_official_phyd_warmstart_bestckpt300_bs1088_lfst0p1_image_20260709_174032/checkpoint-299.pth","strict_official_downstream","SAR_ACD","linear","10","17","39.3","36.3"
"phyd_warmstart_ckpt299","runs/sarjepa_official_phyd_warmstart_bestckpt300_bs1088_lfst0p1_image_20260709_174032/checkpoint-299.pth","strict_official_downstream","SAR_ACD","linear","10","18","46.4","46.1"
"phyd_warmstart_ckpt299","runs/sarjepa_official_phyd_warmstart_bestckpt300_bs1088_lfst0p1_image_20260709_174032/checkpoint-299.pth","strict_official_downstream","SAR_ACD","linear","10","19","44.5","42.7"
"phyd_warmstart_ckpt299","runs/sarjepa_official_phyd_warmstart_bestckpt300_bs1088_lfst0p1_image_20260709_174032/checkpoint-299.pth","strict_official_downstream","SAR_ACD","linear","20","0","47.6","45.1"
"phyd_warmstart_ckpt299","runs/sarjepa_official_phyd_warmstart_bestckpt300_bs1088_lfst0p1_image_20260709_174032/checkpoint-299.pth","strict_official_downstream","SAR_ACD","linear","20","1","50.2","48.6"
"phyd_warmstart_ckpt299","runs/sarjepa_official_phyd_warmstart_bestckpt300_bs1088_lfst0p1_image_20260709_174032/checkpoint-299.pth","strict_official_downstream","SAR_ACD","linear","20","2","51.2","50.1"
"phyd_warmstart_ckpt299","runs/sarjepa_official_phyd_warmstart_bestckpt300_bs1088_lfst0p1_image_20260709_174032/checkpoint-299.pth","strict_official_downstream","SAR_ACD","linear","20","3","49.5","48.6"
"phyd_warmstart_ckpt299","runs/sarjepa_official_phyd_warmstart_bestckpt300_bs1088_lfst0p1_image_20260709_174032/checkpoint-299.pth","strict_official_downstream","SAR_ACD","linear","20","4","45.4","44.5"
"phyd_warmstart_ckpt299","runs/sarjepa_official_phyd_warmstart_bestckpt300_bs1088_lfst0p1_image_20260709_174032/checkpoint-299.pth","strict_official_downstream","SAR_ACD","linear","20","5","43.8","41.7"
"phyd_warmstart_ckpt299","runs/sarjepa_official_phyd_warmstart_bestckpt300_bs1088_lfst0p1_image_20260709_174032/checkpoint-299.pth","strict_official_downstream","SAR_ACD","linear","20","6","52.1","51.3"
"phyd_warmstart_ckpt299","runs/sarjepa_official_phyd_warmstart_bestckpt300_bs1088_lfst0p1_image_20260709_174032/checkpoint-299.pth","strict_official_downstream","SAR_ACD","linear","20","7","48.6","48.5"
"phyd_warmstart_ckpt299","runs/sarjepa_official_phyd_warmstart_bestckpt300_bs1088_lfst0p1_image_20260709_174032/checkpoint-299.pth","strict_official_downstream","SAR_ACD","linear","20","8","50.9","50.6"
"phyd_warmstart_ckpt299","runs/sarjepa_official_phyd_warmstart_bestckpt300_bs1088_lfst0p1_image_20260709_174032/checkpoint-299.pth","strict_official_downstream","SAR_ACD","linear","20","9","48.6","46.5"
"phyd_warmstart_ckpt299","runs/sarjepa_official_phyd_warmstart_bestckpt300_bs1088_lfst0p1_image_20260709_174032/checkpoint-299.pth","strict_official_downstream","SAR_ACD","linear","20","10","47.3","46.2"
"phyd_warmstart_ckpt299","runs/sarjepa_official_phyd_warmstart_bestckpt300_bs1088_lfst0p1_image_20260709_174032/checkpoint-299.pth","strict_official_downstream","SAR_ACD","linear","20","11","49.5","48.1"
"phyd_warmstart_ckpt299","runs/sarjepa_official_phyd_warmstart_bestckpt300_bs1088_lfst0p1_image_20260709_174032/checkpoint-299.pth","strict_official_downstream","SAR_ACD","linear","20","12","51.5","50.9"
"phyd_warmstart_ckpt299","runs/sarjepa_official_phyd_warmstart_bestckpt300_bs1088_lfst0p1_image_20260709_174032/checkpoint-299.pth","strict_official_downstream","SAR_ACD","linear","20","13","51.9","50.1"
"phyd_warmstart_ckpt299","runs/sarjepa_official_phyd_warmstart_bestckpt300_bs1088_lfst0p1_image_20260709_174032/checkpoint-299.pth","strict_official_downstream","SAR_ACD","linear","20","14","53.6","52.9"
"phyd_warmstart_ckpt299","runs/sarjepa_official_phyd_warmstart_bestckpt300_bs1088_lfst0p1_image_20260709_174032/checkpoint-299.pth","strict_official_downstream","SAR_ACD","linear","20","15","52","51.4"
"phyd_warmstart_ckpt299","runs/sarjepa_official_phyd_warmstart_bestckpt300_bs1088_lfst0p1_image_20260709_174032/checkpoint-299.pth","strict_official_downstream","SAR_ACD","linear","20","16","51.8","51.6"
"phyd_warmstart_ckpt299","runs/sarjepa_official_phyd_warmstart_bestckpt300_bs1088_lfst0p1_image_20260709_174032/checkpoint-299.pth","strict_official_downstream","SAR_ACD","linear","20","17","50.1","49.7"
"phyd_warmstart_ckpt299","runs/sarjepa_official_phyd_warmstart_bestckpt300_bs1088_lfst0p1_image_20260709_174032/checkpoint-299.pth","strict_official_downstream","SAR_ACD","linear","20","18","48.1","47"
"phyd_warmstart_ckpt299","runs/sarjepa_official_phyd_warmstart_bestckpt300_bs1088_lfst0p1_image_20260709_174032/checkpoint-299.pth","strict_official_downstream","SAR_ACD","linear","20","19","50.1","49.5"
"phyd_warmstart_ckpt299","runs/sarjepa_official_phyd_warmstart_bestckpt300_bs1088_lfst0p1_image_20260709_174032/checkpoint-299.pth","strict_official_downstream","SAR_ACD","linear","40","0","57.1","56.4"
"phyd_warmstart_ckpt299","runs/sarjepa_official_phyd_warmstart_bestckpt300_bs1088_lfst0p1_image_20260709_174032/checkpoint-299.pth","strict_official_downstream","SAR_ACD","linear","40","1","57.9","58"
"phyd_warmstart_ckpt299","runs/sarjepa_official_phyd_warmstart_bestckpt300_bs1088_lfst0p1_image_20260709_174032/checkpoint-299.pth","strict_official_downstream","SAR_ACD","linear","40","2","55.4","55"
"phyd_warmstart_ckpt299","runs/sarjepa_official_phyd_warmstart_bestckpt300_bs1088_lfst0p1_image_20260709_174032/checkpoint-299.pth","strict_official_downstream","SAR_ACD","linear","40","3","53.6","53.4"
"phyd_warmstart_ckpt299","runs/sarjepa_official_phyd_warmstart_bestckpt300_bs1088_lfst0p1_image_20260709_174032/checkpoint-299.pth","strict_official_downstream","SAR_ACD","linear","40","4","55.7","55.5"
"phyd_warmstart_ckpt299","runs/sarjepa_official_phyd_warmstart_bestckpt300_bs1088_lfst0p1_image_20260709_174032/checkpoint-299.pth","strict_official_downstream","SAR_ACD","linear","40","5","52.8","53"
"phyd_warmstart_ckpt299","runs/sarjepa_official_phyd_warmstart_bestckpt300_bs1088_lfst0p1_image_20260709_174032/checkpoint-299.pth","strict_official_downstream","SAR_ACD","linear","40","6","57.2","57"
"phyd_warmstart_ckpt299","runs/sarjepa_official_phyd_warmstart_bestckpt300_bs1088_lfst0p1_image_20260709_174032/checkpoint-299.pth","strict_official_downstream","SAR_ACD","linear","40","7","56.8","56.2"
"phyd_warmstart_ckpt299","runs/sarjepa_official_phyd_warmstart_bestckpt300_bs1088_lfst0p1_image_20260709_174032/checkpoint-299.pth","strict_official_downstream","SAR_ACD","linear","40","8","58.8","58.7"
"phyd_warmstart_ckpt299","runs/sarjepa_official_phyd_warmstart_bestckpt300_bs1088_lfst0p1_image_20260709_174032/checkpoint-299.pth","strict_official_downstream","SAR_ACD","linear","40","9","54.5","54.7"
"phyd_warmstart_ckpt299","runs/sarjepa_official_phyd_warmstart_bestckpt300_bs1088_lfst0p1_image_20260709_174032/checkpoint-299.pth","strict_official_downstream","SAR_ACD","linear","40","10","56.1","56.1"
"phyd_warmstart_ckpt299","runs/sarjepa_official_phyd_warmstart_bestckpt300_bs1088_lfst0p1_image_20260709_174032/checkpoint-299.pth","strict_official_downstream","SAR_ACD","linear","40","11","55.9","55.8"
"phyd_warmstart_ckpt299","runs/sarjepa_official_phyd_warmstart_bestckpt300_bs1088_lfst0p1_image_20260709_174032/checkpoint-299.pth","strict_official_downstream","SAR_ACD","linear","40","12","58.9","59"
"phyd_warmstart_ckpt299","runs/sarjepa_official_phyd_warmstart_bestckpt300_bs1088_lfst0p1_image_20260709_174032/checkpoint-299.pth","strict_official_downstream","SAR_ACD","linear","40","13","54.6","53.7"
"phyd_warmstart_ckpt299","runs/sarjepa_official_phyd_warmstart_bestckpt300_bs1088_lfst0p1_image_20260709_174032/checkpoint-299.pth","strict_official_downstream","SAR_ACD","linear","40","14","57.8","57.4"
"phyd_warmstart_ckpt299","runs/sarjepa_official_phyd_warmstart_bestckpt300_bs1088_lfst0p1_image_20260709_174032/checkpoint-299.pth","strict_official_downstream","SAR_ACD","linear","40","15","53.7","52.5"
"phyd_warmstart_ckpt299","runs/sarjepa_official_phyd_warmstart_bestckpt300_bs1088_lfst0p1_image_20260709_174032/checkpoint-299.pth","strict_official_downstream","SAR_ACD","linear","40","16","55.3","55.5"
"phyd_warmstart_ckpt299","runs/sarjepa_official_phyd_warmstart_bestckpt300_bs1088_lfst0p1_image_20260709_174032/checkpoint-299.pth","strict_official_downstream","SAR_ACD","linear","40","17","53.5","52.9"
"phyd_warmstart_ckpt299","runs/sarjepa_official_phyd_warmstart_bestckpt300_bs1088_lfst0p1_image_20260709_174032/checkpoint-299.pth","strict_official_downstream","SAR_ACD","linear","40","18","54.2","54.4"
"phyd_warmstart_ckpt299","runs/sarjepa_official_phyd_warmstart_bestckpt300_bs1088_lfst0p1_image_20260709_174032/checkpoint-299.pth","strict_official_downstream","SAR_ACD","linear","40","19","58.6","58.5"
